{"cameraMode":{"drawMode":0,"name":"Shaded","section":"Shading Mode"},"sceneLighting":true,"audioPlay":false,"sceneViewState":{"m_AlwaysRefresh":false,"showFog":true,"showSkybox":true,"showFlares":true,"showImageEffects":true,"showParticleSystems":true,"showVisualEffectGraphs":true,"m_FxEnabled":true},"in2DMode":false,"pivot":{"x":8.152039527893067,"y":3.653639554977417,"z":-11.718416213989258},"rotation":{"x":0.13161662220954896,"y":-0.25964221358299258,"z":0.03573281317949295,"w":0.9560161232948303},"size":0.8660253882408142,"orthographic":false}